{
  "Ambiguous Double Width": false,
  "Ansi 0 Color": {
    "Blue Component": 0,
    "Green Component": 0,
    "Red Component": 0
  },
  "Ansi 1 Color": {
    "Alpha Component": 1,
    "Blue Component": 0,
    "Color Space": "sRGB",
    "Green Component": 0.10674083977937698,
    "Red Component": 0.7897719740867615
  },
  "Ansi 10 Color": {
    "Blue Component": 0.3333333432674408,
    "Green Component": 1,
    "Red Component": 0.3333333432674408
  },
  "Ansi 11 Color": {
    "Blue Component": 0.3333333432674408,
    "Green Component": 1,
    "Red Component": 1
  },
  "Ansi 12 Color": {
    "Alpha Component": 1,
    "Blue Component": 1,
    "Color Space": "sRGB",
    "Green Component": 0.4448447525501251,
    "Red Component": 0.4093804359436035
  },
  "Ansi 13 Color": {
    "Blue Component": 1,
    "Green Component": 0.3333333432674408,
    "Red Component": 1
  },
  "Ansi 14 Color": {
    "Blue Component": 1,
    "Green Component": 1,
    "Red Component": 0.3333333432674408
  },
  "Ansi 15 Color": {
    "Blue Component": 1,
    "Green Component": 1,
    "Red Component": 1
  },
  "Ansi 2 Color": {
    "Blue Component": 0,
    "Green Component": 0.7333333492279053,
    "Red Component": 0
  },
  "Ansi 3 Color": {
    "Blue Component": 0,
    "Green Component": 0.7333333492279053,
    "Red Component": 0.7333333492279053
  },
  "Ansi 4 Color": {
    "Alpha Component": 1,
    "Blue Component": 0.9592209458351135,
    "Color Space": "sRGB",
    "Green Component": 0.39936530590057373,
    "Red Component": 0.3141617774963379
  },
  "Ansi 5 Color": {
    "Blue Component": 0.7333333492279053,
    "Green Component": 0,
    "Red Component": 0.7333333492279053
  },
  "Ansi 6 Color": {
    "Blue Component": 0.7333333492279053,
    "Green Component": 0.7333333492279053,
    "Red Component": 0
  },
  "Ansi 7 Color": {
    "Blue Component": 0.7333333492279053,
    "Green Component": 0.7333333492279053,
    "Red Component": 0.7333333492279053
  },
  "Ansi 8 Color": {
    "Blue Component": 0.3333333432674408,
    "Green Component": 0.3333333432674408,
    "Red Component": 0.3333333432674408
  },
  "Ansi 9 Color": {
    "Blue Component": 0.3333333432674408,
    "Green Component": 0.3333333432674408,
    "Red Component": 1
  },
  "ASCII Anti Aliased": true,
  "Background Color": {
    "Blue Component": 0,
    "Green Component": 0,
    "Red Component": 0
  },
  "Background Image Location": "",
  "Badge Color": {
    "Alpha Component": 0.5,
    "Blue Component": 0,
    "Color Space": "sRGB",
    "Green Component": 0.14910027384757996,
    "Red Component": 1
  },
  "Blinking Cursor": false,
  "Blur": false,
  "BM Growl": true,
  "Bold Color": {
    "Blue Component": 1,
    "Green Component": 1,
    "Red Component": 1
  },
  "Bound Hosts": [],
  "Character Encoding": 4,
  "Close Sessions On End": true,
  "Columns": 80,
  "Command": "",
  "Cursor Color": {
    "Blue Component": 0.7333333492279053,
    "Green Component": 0.7333333492279053,
    "Red Component": 0.7333333492279053
  },
  "Cursor Guide Color": {
    "Alpha Component": 0.25,
    "Blue Component": 1,
    "Color Space": "sRGB",
    "Green Component": 0.9268137812614441,
    "Red Component": 0.7021402716636658
  },
  "Cursor Text Color": {
    "Blue Component": 1,
    "Green Component": 1,
    "Red Component": 1
  },
  "Custom Command": "No",
  "Custom Directory": "No",
  "Custom Locale": "en_US.UTF-8",
  "Default Bookmark": "No",
  "Description": "Default",
  "Disable Window Resizing": true,
  "Draw Powerline Glyphs": true,
  "Flashing Bell": false,
  "Foreground Color": {
    "Blue Component": 0.7333333492279053,
    "Green Component": 0.7333333492279053,
    "Red Component": 0.7333333492279053
  },
  "Guid": "B6D30289-827A-41E5-8B45-BD1584E3927B",
  "Has Hotkey": false,
  "Horizontal Spacing": 1,
  "Idle Code": 0,
  "Jobs to Ignore": [
    "rlogin",
    "ssh",
    "slogin",
    "telnet"
  ],
  "Keyboard Map": {
    "0x2a-0x200000": {
      "Action": 12,
      "Text": "*"
    },
    "0x2b-0x200000": {
      "Action": 12,
      "Text": "+"
    },
    "0x2d-0x200000": {
      "Action": 12,
      "Text": "-"
    },
    "0x2e-0x200000": {
      "Action": 12,
      "Text": "."
    },
    "0x2f-0x200000": {
      "Action": 12,
      "Text": "/"
    },
    "0x3-0x200000": {
      "Action": 11,
      "Text": "0xd"
    },
    "0x30-0x200000": {
      "Action": 12,
      "Text": "0"
    },
    "0x31-0x200000": {
      "Action": 12,
      "Text": "1"
    },
    "0x32-0x200000": {
      "Action": 12,
      "Text": "2"
    },
    "0x33-0x200000": {
      "Action": 12,
      "Text": "3"
    },
    "0x34-0x200000": {
      "Action": 12,
      "Text": "4"
    },
    "0x35-0x200000": {
      "Action": 12,
      "Text": "5"
    },
    "0x36-0x200000": {
      "Action": 12,
      "Text": "6"
    },
    "0x37-0x200000": {
      "Action": 12,
      "Text": "7"
    },
    "0x38-0x200000": {
      "Action": 12,
      "Text": "8"
    },
    "0x39-0x200000": {
      "Action": 12,
      "Text": "9"
    },
    "0x7f-0x100000": {
      "Action": 11,
      "Text": "0x15"
    },
    "0x7f-0x80000": {
      "Action": 11,
      "Text": "0x1b 0x7f"
    },
    "0xf702-0x280000": {
      "Action": 10,
      "Text": "b"
    },
    "0xf702-0x300000": {
      "Action": 11,
      "Text": "0x1"
    },
    "0xf703-0x280000": {
      "Action": 10,
      "Text": "f"
    },
    "0xf703-0x300000": {
      "Action": 11,
      "Text": "0x5"
    },
    "0xf728-0x0": {
      "Action": 11,
      "Text": "0x4"
    },
    "0xf728-0x80000": {
      "Action": 10,
      "Text": "d"
    },
    "0xf739-0x0": {
      "Action": 13,
      "Text": ""
    }
  },
  "Link Color": {
    "Alpha Component": 1,
    "Blue Component": 0.7342271208763123,
    "Color Space": "sRGB",
    "Green Component": 0.35915297269821167,
    "Red Component": 0
  },
  "Minimum Contrast": 0,
  "Mouse Reporting": true,
  "Name": "scintillavoy",
  "Non Ascii Font": "Monaco 12",
  "Non-ASCII Anti Aliased": true,
  "Normal Font": "MesloLGS-NF-Regular 13",
  "Only The Default BG Color Uses Transparency": true,
  "Option Key Sends": 0,
  "Prompt Before Closing 2": false,
  "Right Option Key Sends": 0,
  "Rows": 25,
  "Screen": -1,
  "Scrollback Lines": 99999,
  "Selected Text Color": {
    "Blue Component": 0,
    "Green Component": 0,
    "Red Component": 0
  },
  "Selection Color": {
    "Blue Component": 1,
    "Green Component": 0.8353000283241272,
    "Red Component": 0.7098000049591064
  },
  "Send Code When Idle": false,
  "Set Local Environment Vars": 2,
  "Shortcut": "",
  "Silence Bell": true,
  "Sync Title": false,
  "Tags": [],
  "Terminal Type": "xterm-256color",
  "Transparency": 0,
  "Unicode Normalization": 1,
  "Unlimited Scrollback": false,
  "Use Bold Font": true,
  "Use Bright Bold": true,
  "Use Italic Font": true,
  "Use Non-ASCII Font": false,
  "Vertical Spacing": 1,
  "Visual Bell": true,
  "Window Type": 0,
  "Working Directory": "/Users/voy.moon"
}
